계약년월,계약일,시군구,주택유형,도로조건,연면적(㎡),대지면적(㎡),거래금액(만원),건축년도
201701,2,세종특별자치시 전의면 다방리,단독,8m미만,67.32,294,2000,1991
201701,4,세종특별자치시 조치원읍 서창리,단독,8m미만,581.25,415,54500,1997
201701,4,세종특별자치시 조치원읍 죽림리,단독,8m미만,63.89,175,16000,1983
201701,6,세종특별자치시 금남면 용담리,단독,8m미만,95.76,537,26000,1977
201701,6,세종특별자치시 조치원읍 서창리,다가구,8m미만,375.36,222.7,53700,2011
201701,7,세종특별자치시 조치원읍 신안리,다가구,8m미만,493.21,322,37000,2004
201701,8,세종특별자치시 연서면 기룡리,단독,8m미만,99.96,322,8500,2001
201701,9,세종특별자치시 연기면 보통리,단독,25m미만,307.24,660,135000,2004
201701,10,세종특별자치시 금남면 성덕리,단독,8m미만,56.2,354,11000,1934
201701,10,세종특별자치시 부강면 부강리,단독,12m미만,659.57,320,112000,2013
201701,10,세종특별자치시 조치원읍 서창리,단독,8m미만,45.99,164,20050,1987
201701,11,세종특별자치시 조치원읍 남리,다가구,12m미만,164.39,112.5,23000,2004
201701,11,세종특별자치시 조치원읍 죽림리,단독,8m미만,39.18,66,6800,1992
201701,13,세종특별자치시 연기면 수산리,단독,12m미만,100,570,33000,1987
201701,13,세종특별자치시 연서면 고복리,단독,12m미만,77.95,358,18000,2008
201701,13,세종특별자치시 조치원읍 침산리,단독,8m미만,433.84,251.9,81500,2015
201701,16,세종특별자치시 조치원읍 남리,단독,12m미만,151.96,198,24000,1989
201701,16,세종특별자치시 조치원읍 남리,단독,12m미만,38.99,201,13200,1947
201701,17,세종특별자치시 장군면 하봉리,단독,8m미만,59.5,1460,110000,1969
201701,18,세종특별자치시 장군면 봉안리,다가구,8m미만,359.56,361,85400,2013
201701,20,세종특별자치시 장군면 금암리,단독,8m미만,327.78,335,75000,2011
201701,25,세종특별자치시 전의면 읍내리,단독,8m미만,96.32,336,11500,1985
201701,26,세종특별자치시 조치원읍 남리,단독,12m미만,144.81,247.1,23000,1986
201702,2,세종특별자치시 소정면 운당리,단독,8m미만,192.46,166,29000,2002
201702,2,세종특별자치시 연기면 수산리,단독,8m미만,147.57,660,21972,2011
201702,2,세종특별자치시 장군면 대교리,단독,8m미만,87,631,20700,2016
201702,6,세종특별자치시 장군면 봉안리,다가구,8m미만,328.29,359,69500,2012
201702,6,세종특별자치시 조치원읍 상리,단독,8m미만,23.76,155,10500,1936
201702,7,세종특별자치시 연서면 와촌리,단독,8m미만,102.06,330,22000,2006
201702,8,세종특별자치시 조치원읍 신안리,단독,8m미만,326.19,188,27000,1997
201702,12,세종특별자치시 조치원읍 죽림리,단독,8m미만,63.14,149,8500,1972
201702,13,세종특별자치시 연기면 연기리,단독,8m미만,329.73,286,44000,2012
201702,13,세종특별자치시 연동면 내판리,단독,8m미만,69.42,415,25100,1950
201702,13,세종특별자치시 조치원읍 침산리,단독,8m미만,81.5,274,7600,1973
201702,15,세종특별자치시 장군면 봉안리,단독,8m미만,429.42,431,103000,2014
201702,16,세종특별자치시 연동면 명학리,단독,8m미만,95.54,260,14000,2000
201702,16,세종특별자치시 조치원읍 번암리,단독,8m미만,71.55,271,20500,1956
201702,18,세종특별자치시 연서면 국촌리,단독,8m미만,104.6,304,7000,
201702,18,세종특별자치시 장군면 도계리,단독,8m미만,328.94,329,60000,2013
201702,21,세종특별자치시 조치원읍 신안리,다가구,12m미만,366.15,164,76000,2016
201702,22,세종특별자치시 전동면 노장리,단독,8m미만,47.6,198,2100,1960
201702,23,세종특별자치시 연동면 응암리,단독,8m미만,135.5,660,15000,2013
201702,24,세종특별자치시 조치원읍 신안리,다가구,8m미만,636.82,384,89700,2013
201702,25,세종특별자치시 연기면 보통리,다가구,12m미만,481.96,483,88800,2013
201702,26,세종특별자치시 조치원읍 신흥리,단독,8m미만,41.31,152,2000,
201702,27,세종특별자치시 전동면 송성리,단독,8m미만,83.37,231,14800,2014
201702,27,세종특별자치시 전동면 청송리,단독,8m미만,71.1,323,10500,1980
201702,28,세종특별자치시 조치원읍 신흥리,단독,8m미만,65.29,613,41000,1932
201703,1,세종특별자치시 조치원읍 서창리,다가구,8m미만,547.5,366,99855,2017
201703,2,세종특별자치시 연동면 예양리,단독,8m미만,114.89,708,18500,1901
201703,2,세종특별자치시 연서면 기룡리,단독,8m미만,147.31,495,20000,1993
201703,2,세종특별자치시 조치원읍 신안리,단독,8m미만,354.51,569,56000,1988
201703,3,세종특별자치시 연기면 연기리,단독,12m미만,23.04,286,43250,1954
201703,5,세종특별자치시 전동면 청람리,단독,8m미만,68.02,347,18500,2014
201703,6,세종특별자치시 금남면 발산리,단독,12m미만,592,251.59,82000,2011
201703,6,세종특별자치시 금남면 봉암리,단독,8m미만,99.98,242,15800,2002
201703,6,세종특별자치시 부강면 부강리,단독,8m미만,501.76,321,52500,2011
201703,6,세종특별자치시 연서면 봉암리,단독,8m미만,375.64,393,70000,2012
201703,6,세종특별자치시 조치원읍 상리,단독,25m미만,184.39,116,34000,1989
201703,6,세종특별자치시 조치원읍 신안리,단독,8m미만,143.16,292,24600,1992
201703,7,세종특별자치시 금남면 국곡리,단독,8m미만,434.72,495,50000,2011
201703,7,세종특별자치시 조치원읍 신흥리,단독,8m미만,70.95,185,16200,1988
201703,7,세종특별자치시 조치원읍 침산리,다가구,8m미만,631.37,380.3,107000,2013
201703,8,세종특별자치시 조치원읍 명리,단독,12m미만,85.54,204,17000,1981
201703,8,세종특별자치시 조치원읍 침산리,단독,12m미만,381.92,214.4,56000,2012
201703,11,세종특별자치시 조치원읍 신안리,단독,8m미만,603.72,345,84000,1999
201703,14,세종특별자치시 전의면 신방리,단독,8m미만,73.71,219.8,13300,2008
201703,14,세종특별자치시 조치원읍 신안리,단독,8m미만,98.14,452,18000,2009
201703,15,세종특별자치시 전동면 심중리,단독,8m미만,61.16,347,12353,
201703,15,세종특별자치시 조치원읍 신흥리,단독,8m미만,98.3,104,14000,2016
201703,17,세종특별자치시 금남면 봉암리,단독,8m미만,51.5,245,7400,1970
201703,18,세종특별자치시 연기면 보통리,단독,8m미만,42.98,585,17500,1940
201703,18,세종특별자치시 장군면 봉안리,다가구,8m미만,487.33,488,95000,2014
201703,21,세종특별자치시 연기면 눌왕리,단독,8m미만,37.16,525,24200,2001
201703,21,세종특별자치시 연기면 눌왕리,단독,8m미만,95.92,669,30000,1987
201703,24,세종특별자치시 금남면 장재리,단독,8m미만,153.54,530,63000,2010
201703,24,세종특별자치시 조치원읍 신안리,단독,8m미만,49.5,215,18000,1997
201703,25,세종특별자치시 금남면 성강리,단독,8m미만,113.28,826,39500,1995
201703,25,세종특별자치시 연서면 성제리,단독,8m미만,78.3,664,14000,1957
201703,27,세종특별자치시 연서면 성제리,단독,8m미만,53.22,1285,30000,1987
201703,27,세종특별자치시 장군면 금암리,단독,8m미만,66,323,15000,1990
201703,27,세종특별자치시 조치원읍 평리,단독,8m미만,71.5,102,8500,1983
201703,28,세종특별자치시 금남면 감성리,단독,8m미만,65.54,165,16700,1973
201703,28,세종특별자치시 연기면 연기리,단독,8m미만,62.81,216,15000,1948
201703,30,세종특별자치시 금남면 용담리,단독,8m미만,118.63,200,19700,1994
201703,30,세종특별자치시 소정면 대곡리,단독,8m미만,140.32,595,17330,2003
201704,1,세종특별자치시 부강면 금호리,단독,8m미만,171.78,803,32400,1970
201704,3,세종특별자치시 조치원읍 서창리,단독,8m미만,53.52,203,13075,1973
201704,4,세종특별자치시 소정면 대곡리,단독,8m미만,82.57,280,9200,1985
201704,6,세종특별자치시 연서면 봉암리,단독,12m미만,101.34,597,54000,1996
201704,9,세종특별자치시 부강면 문곡리,단독,8m미만,88.69,271,14500,1998
201704,10,세종특별자치시 부강면 부강리,단독,12m미만,37.13,227,46000,2007
201704,11,세종특별자치시 부강면 부강리,단독,8m미만,102.39,493,13000,1920
201704,13,세종특별자치시 소정면 운당리,단독,8m미만,86.22,350,6200,2009
201704,17,세종특별자치시 장군면 봉안리,단독,8m미만,70.39,658,50500,1993
201704,17,세종특별자치시 조치원읍 명리,단독,-,68.43,175,15700,1973
201704,17,세종특별자치시 조치원읍 신안리,단독,8m미만,89.89,365,17700,1979
201704,17,세종특별자치시 조치원읍 원리,단독,25m미만,997.75,285,197000,1984
201704,19,세종특별자치시 조치원읍 신흥리,단독,8m미만,49.56,102,9000,1971
201704,25,세종특별자치시 연서면 봉암리,단독,8m미만,67.74,569,14000,1977
201704,25,세종특별자치시 장군면 도계리,다가구,8m미만,315.34,317,74000,2014
201704,26,세종특별자치시 금남면 성덕리,단독,8m미만,96.86,304,12438,1979
201704,26,세종특별자치시 조치원읍 서창리,단독,8m미만,388.42,200,38500,2000
201704,27,세종특별자치시 전동면 보덕리,단독,8m미만,150.6,773,13500,1953
201704,28,세종특별자치시 연기면 연기리,단독,8m미만,137.54,240,13000,1997
201704,28,세종특별자치시 조치원읍 신흥리,단독,8m미만,71.31,155,11000,1978
201705,1,세종특별자치시 장군면 송학리,단독,12m미만,128,435,19500,1988
201705,2,세종특별자치시 금남면 달전리,단독,8m미만,46.8,421,7800,1985
201705,2,세종특별자치시 새롬동,단독,-,59.93,45,26433,2017
201705,2,세종특별자치시 연서면 국촌리,단독,8m미만,139,501,23000,2013
201705,2,세종특별자치시 장군면 봉안리,다가구,8m미만,472.73,474,102000,2014
201705,2,세종특별자치시 조치원읍 평리,단독,8m미만,49.68,188,12500,1989
201705,9,세종특별자치시 조치원읍 신흥리,단독,8m미만,53.46,149,9800,1974
201705,10,세종특별자치시 장군면 봉안리,단독,8m미만,500.37,504,89000,2014
201705,13,세종특별자치시 연기면 연기리,단독,8m미만,84.15,506,38300,1989
201705,14,세종특별자치시 조치원읍 신안리,다가구,8m미만,242.79,164,37400,2009
201705,15,세종특별자치시 부강면 등곡리,단독,8m미만,104.58,661,14000,2003
201705,15,세종특별자치시 소정면 운당리,단독,8m미만,192.46,166,27600,2002
201705,15,세종특별자치시 조치원읍 신안리,다가구,8m미만,617.83,352,85500,2010
201705,16,세종특별자치시 금남면 용담리,단독,8m미만,96.21,437,23000,2012
201705,16,세종특별자치시 조치원읍 침산리,단독,12m미만,487,277,122000,2014
201705,17,세종특별자치시 조치원읍 죽림리,단독,8m미만,55.11,164,15000,1982
201705,17,세종특별자치시 조치원읍 침산리,단독,12m미만,510.73,266.9,83000,2014
201705,18,세종특별자치시 장군면 봉안리,다가구,8m미만,531.43,535,122500,2013
201705,18,세종특별자치시 조치원읍 서창리,다가구,12m미만,708.86,412,133375,2014
201705,20,세종특별자치시 조치원읍 죽림리,단독,8m미만,173.96,403,29700,1979
201705,22,세종특별자치시 장군면 봉안리,단독,8m미만,472.73,474,101500,2014
201705,23,세종특별자치시 연서면 봉암리,단독,8m미만,330.1,353,75000,2012
201705,23,세종특별자치시 조치원읍 서창리,단독,8m미만,621.97,438,102925,2014
201705,25,세종특별자치시 조치원읍 교리,단독,8m미만,42.57,117.3,7000,1987
201705,25,세종특별자치시 조치원읍 교리,단독,8m미만,131.93,182.4,11900,1987
201705,29,세종특별자치시 연기면 보통리,단독,8m미만,66,238,8600,1990
201705,29,세종특별자치시 연동면 노송리,단독,8m미만,198.73,380,12000,1997
201705,29,세종특별자치시 전동면 청람리,단독,8m미만,56.2,734,13000,1947
201705,29,세종특별자치시 조치원읍 서창리,단독,8m미만,107.46,215,15200,1983
201705,30,세종특별자치시 금남면 대박리,단독,8m미만,282.75,504,51920,2000
201705,31,세종특별자치시 금남면 부용리,단독,8m미만,80.28,550,49800,2006
201705,31,세종특별자치시 금남면 영곡리,단독,8m미만,84.96,533,26000,2008
201705,31,세종특별자치시 연기면 보통리,단독,8m미만,493.86,505,83800,2014
201706,1,세종특별자치시 장군면 금암리,단독,8m미만,139.76,531,44120,2007
201706,1,세종특별자치시 전동면 노장리,단독,12m미만,76.03,103,19000,1918
201706,2,세종특별자치시 금남면 대박리,단독,8m미만,121.63,521,34000,2015
201706,2,세종특별자치시 연기면 연기리,단독,8m미만,85.95,648,40000,1985
201706,4,세종특별자치시 조치원읍 남리,단독,8m미만,78.66,152.9,12800,1995
201706,5,세종특별자치시 조치원읍 교리,단독,8m미만,138.22,202.6,34000,2014
201706,5,세종특별자치시 조치원읍 신흥리,단독,8m미만,62.62,166,13200,1980
201706,5,세종특별자치시 조치원읍 원리,단독,25m미만,198.36,178.5,42000,1996
201706,7,세종특별자치시 금남면 대박리,단독,12m미만,169.95,850,100000,1900
201706,7,세종특별자치시 장군면 도계리,단독,8m미만,49,505,27650,2016
201706,7,세종특별자치시 장군면 봉안리,다가구,8m미만,432.5,463,94600,2013
201706,9,세종특별자치시 전동면 노장리,단독,12m미만,227.76,205,28300,1996
201706,10,세종특별자치시 연동면 내판리,단독,8m미만,59.5,445,19400,1978
201706,11,세종특별자치시 연동면 응암리,단독,8m미만,76.14,618,19000,2014
201706,12,세종특별자치시 조치원읍 서창리,단독,8m미만,146.1,387,38600,1984
201706,13,세종특별자치시 장군면 대교리,단독,8m미만,64.48,891.93,30000,2014
201706,14,세종특별자치시 연동면 예양리,단독,8m미만,109.08,301,12500,1975
201706,14,세종특별자치시 장군면 금암리,단독,8m미만,146.85,729,52350,2005
201706,16,세종특별자치시 조치원읍 상리,단독,8m미만,23.76,155,11000,1936
201706,18,세종특별자치시 연동면 송용리,단독,8m미만,73.75,760,39000,2010
201706,20,세종특별자치시 조치원읍 원리,단독,25m미만,278.49,118.37,35000,1981
201706,21,세종특별자치시 부강면 부강리,단독,12m미만,565.01,284,87000,2013
201706,21,세종특별자치시 장군면 봉안리,단독,8m미만,485.95,487,101600,2013
201706,22,세종특별자치시 금남면 원봉리,단독,8m미만,95.04,390,21934,1987
201706,28,세종특별자치시 금남면 박산리,단독,8m미만,80.17,238,19000,1998
201706,28,세종특별자치시 장군면 도계리,단독,8m미만,185.79,515,30000,1987
201706,29,세종특별자치시 연서면 봉암리,단독,8m미만,88.2,169,18500,1995
201706,30,세종특별자치시 장군면 봉안리,다가구,8m미만,487.65,488,104500,2013
201706,30,세종특별자치시 장군면 하봉리,단독,8m미만,175.12,482,30000,1968
201706,30,세종특별자치시 조치원읍 침산리,다가구,12m미만,649.72,306.6,115000,2013
201707,2,세종특별자치시 조치원읍 평리,단독,8m미만,113.7,343,30500,1979
201707,3,세종특별자치시 연서면 쌍전리,단독,8m미만,80.46,846,27000,1990
201707,3,세종특별자치시 장군면 봉안리,다가구,8m미만,475.2,477,104600,2013
201707,3,세종특별자치시 장군면 송학리,단독,8m미만,71.38,338,12000,1956
201707,3,세종특별자치시 조치원읍 남리,단독,8m미만,582.88,371.1,99500,2013
201707,3,세종특별자치시 조치원읍 신안리,단독,8m미만,439.44,585,39330,1998
201707,7,세종특별자치시 금남면 용포리,단독,8m미만,657.51,454,116500,2012
201707,7,세종특별자치시 조치원읍 번암리,단독,8m미만,894.58,2241,98000,1986
201707,8,세종특별자치시 금남면 원봉리,단독,8m미만,97.44,890,41500,2006
201707,8,세종특별자치시 연동면 내판리,단독,8m미만,153.34,357,22000,2002
201707,8,세종특별자치시 장군면 봉안리,다가구,8m미만,437.73,440,120000,2017
201707,10,세종특별자치시 연서면 봉암리,단독,12m미만,78.3,145,20800,1987
201707,10,세종특별자치시 장군면 금암리,단독,8m미만,108.8,676,40000,2009
201707,10,세종특별자치시 조치원읍 서창리,단독,12m미만,658.91,391,72000,1999
201707,10,세종특별자치시 조치원읍 침산리,단독,12m미만,415.18,167.1,69000,2013
201707,11,세종특별자치시 금남면 박산리,단독,8m미만,93.65,331,23000,1901
201707,11,세종특별자치시 장군면 송문리,단독,8m미만,81.85,524,25200,1992
201707,12,세종특별자치시 금남면 용포리,단독,8m미만,228.14,162,55700,1984
201707,13,세종특별자치시 연기면 보통리,다가구,8m미만,481.96,489,88800,2013
201707,13,세종특별자치시 연동면 문주리,단독,8m미만,49.59,731,29000,1911
201707,13,세종특별자치시 장군면 금암리,단독,8m미만,118.39,737,33000,2017
201707,15,세종특별자치시 조치원읍 침산리,단독,8m미만,85.61,368,34000,1980
201707,17,세종특별자치시 장군면 봉안리,단독,8m미만,544.78,546,117000,2014
201707,18,세종특별자치시 부강면 부강리,단독,12m미만,74.4,139,7000,1983
201707,20,세종특별자치시 소정면 소정리,단독,8m미만,69.42,225,3370,1985
201707,25,세종특별자치시 연서면 고복리,단독,8m미만,47.64,506,23000,1985
201707,28,세종특별자치시 연서면 신대리,단독,8m미만,122.39,329,16700,1997
201707,28,세종특별자치시 조치원읍 상리,단독,25m미만,137.51,162,12000,1978
201707,31,세종특별자치시 전의면 관정리,단독,8m미만,69.94,575,10000,1998
201707,31,세종특별자치시 조치원읍 침산리,단독,8m미만,370.51,227.9,75000,2014
201708,1,세종특별자치시 전동면 송정리,단독,8m미만,150.51,458,1500,1963
201708,1,세종특별자치시 조치원읍 서창리,단독,8m미만,676.7,532,56000,1997
201708,1,세종특별자치시 조치원읍 신안리,다가구,8m미만,428.33,306,55087,1997
201708,2,세종특별자치시 조치원읍 원리,단독,8m미만,76.18,192,15000,1979
201708,3,세종특별자치시 장군면 금암리,단독,12m미만,567.64,673.57,89000,2014
201708,4,세종특별자치시 장군면 평기리,단독,8m미만,90.46,594,29500,1965
201708,7,세종특별자치시 부강면 부강리,단독,12m미만,399.54,227,52000,2007
201708,7,세종특별자치시 조치원읍 서창리,다가구,12m미만,363.79,230,31000,1991
201708,8,세종특별자치시 장군면 봉안리,단독,8m미만,142.1,739.88,40500,2012
201708,8,세종특별자치시 조치원읍 신안리,단독,8m미만,516.8,319,53500,1995
201708,8,세종특별자치시 조치원읍 평리,단독,8m미만,51.9,116,14000,1973
201708,9,세종특별자치시 연기면 수산리,단독,8m미만,98.3,496,19900,2013
201708,10,세종특별자치시 조치원읍 서창리,다가구,8m미만,265.05,293,30000,1995
201708,10,세종특별자치시 조치원읍 신안리,단독,12m미만,329.22,286,83000,2014
201708,17,세종특별자치시 금남면 용포리,다가구,8m미만,272.08,172,58500,2013
201708,17,세종특별자치시 부강면 부강리,다가구,12m미만,645.73,345,114000,2013
201708,18,세종특별자치시 조치원읍 신안리,다가구,8m미만,382.14,660,73000,2000
201708,19,세종특별자치시 금남면 원봉리,단독,8m미만,109.85,802,30784,2016
201708,20,세종특별자치시 조치원읍 신흥리,단독,8m미만,161.16,158,17700,1995
201708,23,세종특별자치시 연서면 쌍전리,단독,8m미만,51,287,14780,1989
201708,25,세종특별자치시 장군면 봉안리,단독,8m미만,410.45,374,97500,2014
201708,26,세종특별자치시 연기면 연기리,단독,8m미만,79.28,277,42340,1983
201708,27,세종특별자치시 연서면 신대리,단독,8m미만,74.05,608,14000,1945
201708,28,세종특별자치시 연기면 연기리,단독,8m미만,235.44,216,19500,1995
201708,29,세종특별자치시 연서면 고복리,단독,8m미만,69,974,56200,2017
201708,30,세종특별자치시 연서면 와촌리,단독,8m미만,137,172,14000,2003
201708,31,세종특별자치시 연동면 응암리,단독,8m미만,59.5,301,12500,1915
201709,1,세종특별자치시 금남면 도남리,단독,8m미만,67,603,26000,1992
201709,1,세종특별자치시 조치원읍 신안리,단독,8m미만,659.01,403,117000,2016
201709,2,세종특별자치시 조치원읍 신안리,단독,12m미만,305.57,562,80000,1991
201709,4,세종특별자치시 전의면 읍내리,단독,12m미만,270.7,419,55000,2012
201709,5,세종특별자치시 조치원읍 신흥리,단독,8m미만,65.75,136,8200,1999
201709,11,세종특별자치시 금남면 원봉리,단독,8m미만,145.4,919,51000,2006
201709,11,세종특별자치시 조치원읍 명리,단독,12m미만,336.03,152,27000,1995
201709,13,세종특별자치시 연서면 월하리,단독,8m미만,82.43,207,13000,1980
201709,14,세종특별자치시 조치원읍 신안리,다가구,8m미만,614.81,440,63000,2000
201709,19,세종특별자치시 연서면 봉암리,단독,8m미만,70.2,522,22300,1988
201709,20,세종특별자치시 연기면 연기리,단독,8m미만,68.76,234,15500,1991
201709,21,세종특별자치시 금남면 두만리,다가구,8m미만,250.67,421,39000,2014
201709,25,세종특별자치시 금남면 황용리,단독,8m미만,99.09,660,85000,2013
201709,25,세종특별자치시 전의면 읍내리,단독,25m미만,117.17,199,23000,2009
201709,25,세종특별자치시 조치원읍 신안리,단독,8m미만,340.89,331,47000,1998
201709,26,세종특별자치시 조치원읍 신안리,다가구,8m미만,542.01,396,66474,2003
201709,26,세종특별자치시 조치원읍 신안리,단독,8m미만,82.5,386,28000,1978
201709,26,세종특별자치시 조치원읍 원리,단독,12m미만,146.06,149,13000,1978
201709,27,세종특별자치시 조치원읍 신안리,단독,8m미만,376.29,195,27000,1995
201709,30,세종특별자치시 연기면 눌왕리,단독,8m미만,102.23,827,36300,2015
201710,11,세종특별자치시 조치원읍 서창리,단독,8m미만,289.53,188,77000,2017
201710,13,세종특별자치시 부강면 부강리,단독,12m미만,51.27,116,13800,1976
201710,15,세종특별자치시 연기면 연기리,단독,8m미만,84.24,522,39000,1993
201710,15,세종특별자치시 장군면 금암리,다가구,8m미만,563.08,620,84000,2014
201710,16,세종특별자치시 부강면 문곡리,단독,8m미만,57.41,337,9500,1973
201710,17,세종특별자치시 전의면 읍내리,단독,8m미만,79.01,179,10800,1935
201710,18,세종특별자치시 전동면 노장리,단독,8m미만,67.05,295,7900,2006
201710,19,세종특별자치시 부강면 부강리,단독,12m미만,120.41,259,28000,1972
201710,19,세종특별자치시 부강면 부강리,단독,8m미만,658.62,390,124000,2017
201710,20,세종특별자치시 전동면 송정리,단독,12m미만,51.51,304,7000,1984
201710,20,세종특별자치시 전동면 심중리,단독,8m미만,335.5,2820,14000,1998
201710,21,세종특별자치시 전의면 읍내리,단독,8m미만,142.48,612,25500,2010
201710,22,세종특별자치시 조치원읍 침산리,단독,12m미만,550.31,364.5,117000,2013
201710,24,세종특별자치시 연서면 봉암리,단독,12m미만,568.03,570,115000,2013
201710,27,세종특별자치시 조치원읍 신안리,단독,8m미만,359.58,349,59000,1991
201710,28,세종특별자치시 조치원읍 서창리,단독,12m미만,312,233,50000,2012
201710,30,세종특별자치시 연서면 와촌리,단독,8m미만,40.5,386,21400,1997
201710,30,세종특별자치시 조치원읍 침산리,단독,12m미만,483.36,265.4,65000,2008
201711,1,세종특별자치시 연서면 와촌리,단독,8m미만,53.76,539,20000,1945
201711,4,세종특별자치시 연서면 봉암리,단독,8m미만,67.5,142,9500,1980
201711,6,세종특별자치시 조치원읍 서창리,단독,8m미만,32.34,244,11000,1937
201711,7,세종특별자치시 장군면 금암리,다가구,12m미만,545.47,356,77000,2001
201711,7,세종특별자치시 장군면 봉안리,다가구,8m미만,407.65,410,94600,2013
201711,8,세종특별자치시 부강면 부강리,단독,12m미만,707.94,453,155000,2017
201711,8,세종특별자치시 연서면 봉암리,단독,8m미만,61.82,311,20000,1930
201711,9,세종특별자치시 조치원읍 신안리,단독,8m미만,375.11,588,37000,1994
201711,12,세종특별자치시 연기면 보통리,단독,8m미만,481.96,488,88000,2013
201711,15,세종특별자치시 전의면 동교리,단독,12m미만,56.2,301,26000,1976
201711,16,세종특별자치시 조치원읍 남리,단독,12m미만,683.19,403,129000,2017
201711,16,세종특별자치시 조치원읍 신안리,단독,8m미만,67.49,344,18000,2015
201711,17,세종특별자치시 연기면 연기리,단독,8m미만,59.5,364,26000,1974
201711,18,세종특별자치시 조치원읍 신안리,단독,8m미만,271.62,202,79000,2017
201711,20,세종특별자치시 장군면 금암리,단독,8m미만,88.45,567,27400,
201711,20,세종특별자치시 조치원읍 죽림리,단독,8m미만,64.87,170,16100,1980
201711,20,세종특별자치시 조치원읍 침산리,단독,8m미만,43.9,132,6000,1973
201711,21,세종특별자치시 조치원읍 신안리,다가구,8m미만,486,855,114000,2004
201711,22,세종특별자치시 부강면 부강리,단독,12m미만,595.04,282,115000,2017
201711,22,세종특별자치시 조치원읍 침산리,단독,8m미만,491.82,251.7,96000,2013
201711,24,세종특별자치시 장군면 금암리,단독,12m미만,516.82,394,33000,2001
201711,30,세종특별자치시 연기면 연기리,단독,8m미만,62.7,307,20500,1962
201712,1,세종특별자치시 전의면 신흥리,단독,8m미만,70.52,315,9546,2014
201712,1,세종특별자치시 조치원읍 신안리,다가구,8m미만,570.51,340,59500,1997
201712,1,세종특별자치시 조치원읍 죽림리,단독,25m미만,73.92,266,39500,1950
201712,2,세종특별자치시 연기면 수산리,단독,8m미만,127.41,883,56900,2001
201712,2,세종특별자치시 연기면 연기리,단독,8m미만,94.06,385,41000,1996
201712,4,세종특별자치시 조치원읍 서창리,다가구,8m미만,495.96,850,45000,2002
201712,6,세종특별자치시 조치원읍 신안리,다가구,8m미만,610.78,458,49500,1996
201712,7,세종특별자치시 부강면 부강리,단독,8m미만,54.03,155,8500,1981
201712,13,세종특별자치시 조치원읍 침산리,단독,12m미만,342.29,177.3,60000,2013
201712,13,세종특별자치시 조치원읍 침산리,단독,12m미만,545.72,315,97500,2014
201712,16,세종특별자치시 조치원읍 신안리,단독,8m미만,404.26,257,50000,2000
201712,19,세종특별자치시 연서면 성제리,단독,8m미만,76.03,724,13500,1977
201712,19,세종특별자치시 조치원읍 교리,단독,8m미만,90.13,199,16000,1977
201712,20,세종특별자치시 전동면 노장리,단독,8m미만,99.09,310,8300,1994
201712,24,세종특별자치시 장군면 도계리,단독,8m미만,51.23,402,25600,1987
201712,27,세종특별자치시 금남면 용담리,단독,8m미만,114.28,205,15000,1993
201712,27,세종특별자치시 장군면 금암리,단독,12m미만,493.56,579,45000,1998
201712,27,세종특별자치시 조치원읍 신안리,단독,8m미만,471.06,375,55500,1999
201712,29,세종특별자치시 금남면 부용리,단독,8m미만,92.56,552,49100,1945
201712,29,세종특별자치시 조치원읍 신안리,단독,8m미만,522.13,284,76400,2011
201712,30,세종특별자치시 조치원읍 신흥리,단독,8m미만,67.9,628,47500,1931
201801,4,세종특별자치시 장군면 봉안리,단독,8m미만,347.37,349,103000,2017
201801,4,세종특별자치시 조치원읍 신안리,단독,8m미만,410.19,696,80500,2001
201801,5,세종특별자치시 조치원읍 서창리,단독,12m미만,390.67,262,70000,2013
201801,5,세종특별자치시 조치원읍 신안리,다가구,8m미만,242.79,164,37400,2009
201801,5,세종특별자치시 조치원읍 신안리,단독,8m미만,636.82,384,92000,2013
201801,9,세종특별자치시 전동면 청송리,단독,8m미만,48,213,3000,1998
201801,10,세종특별자치시 연서면 국촌리,단독,8m미만,172.56,200,20000,2010
201801,11,세종특별자치시 금남면 용포리,단독,8m미만,457.39,488,85000,2013
201801,11,세종특별자치시 연서면 부동리,단독,8m미만,89.63,737,27900,1993
201801,15,세종특별자치시 장군면 봉안리,단독,8m미만,396.99,424,79000,2013
201801,15,세종특별자치시 조치원읍 원리,단독,8m미만,58.11,105,6500,1980
201801,15,세종특별자치시 조치원읍 침산리,단독,8m미만,358.7,223.5,70500,2014
201801,16,세종특별자치시 연서면 봉암리,단독,8m미만,67.5,142,12000,1980
201801,16,세종특별자치시 전의면 다방리,단독,8m미만,74.1,593,5510,2005
201801,16,세종특별자치시 조치원읍 교리,단독,8m미만,66.53,166.3,14600,1977
201801,18,세종특별자치시 조치원읍 신흥리,단독,8m미만,99.12,106,12000,1995
201801,19,세종특별자치시 전동면 청람리,단독,8m미만,168.39,426,11993,1998
201801,19,세종특별자치시 전동면 청람리,단독,8m미만,99.06,605,10834,2012
201801,20,세종특별자치시 조치원읍 신안리,단독,8m미만,615.38,591,80000,1995
201801,24,세종특별자치시 연서면 와촌리,단독,8m미만,108.75,1009,29000,1987
201801,24,세종특별자치시 장군면 봉안리,단독,8m미만,347.37,349,103000,2017
201801,27,세종특별자치시 금남면 원봉리,단독,8m미만,99.9,650,27050,2005
201801,29,세종특별자치시 금남면 성강리,단독,8m미만,181.11,664,38000,2009
201801,29,세종특별자치시 조치원읍 신흥리,단독,12m미만,96.43,198,18000,1982
201801,30,세종특별자치시 금남면 용포리,단독,8m미만,59,294,30000,1998
201802,2,세종특별자치시 연서면 와촌리,단독,8m미만,112.1,869,23500,1965
201802,2,세종특별자치시 조치원읍 신안리,단독,8m미만,439.44,585,41500,1998
201802,3,세종특별자치시 조치원읍 평리,단독,8m미만,132.3,184,15000,2002
201802,9,세종특별자치시 연동면 내판리,단독,8m미만,68.6,209,11970,1933
201802,10,세종특별자치시 전의면 동교리,단독,8m미만,81.36,545,22500,1984
201802,12,세종특별자치시 연서면 와촌리,단독,8m미만,113.63,322,11500,2000
201802,13,세종특별자치시 연서면 고복리,단독,8m미만,198.83,536,40000,2004
201802,15,세종특별자치시 전의면 신정리,단독,8m미만,103.8,560,15840,2008
201802,22,세종특별자치시 부강면 노호리,단독,8m미만,73.2,1185,10600,1979
201802,23,세종특별자치시 장군면 봉안리,다가구,8m미만,398.69,415,85100,1998
201802,24,세종특별자치시 전동면 송곡리,단독,8m미만,83.3,466,9400,1958
201802,26,세종특별자치시 금남면 영곡리,단독,-,80.66,623,16000,2017
201802,27,세종특별자치시 전의면 관정리,단독,8m미만,126.45,588,8000,1990
201802,27,세종특별자치시 전의면 읍내리,단독,8m미만,196.56,547,14500,2017
201802,27,세종특별자치시 전의면 읍내리,단독,8m미만,199.08,560,20100,2017
201802,28,세종특별자치시 장군면 금암리,단독,8m미만,202.68,367.4,21500,2007
201802,28,세종특별자치시 조치원읍 서창리,단독,8m미만,297.9,196,60000,2013
201803,4,세종특별자치시 연서면 와촌리,단독,8m미만,43.97,1018,27000,1938
201803,4,세종특별자치시 장군면 은용리,단독,8m미만,72.72,380,25000,1981
201803,5,세종특별자치시 연동면 내판리,단독,8m미만,82.65,360,10000,1985
201803,6,세종특별자치시 연서면 와촌리,단독,8m미만,68.1,608,18392,1924
201803,7,세종특별자치시 장군면 대교리,단독,8m미만,102.04,177,35000,2017
201803,12,세종특별자치시 연기면 연기리,단독,8m미만,475.83,478,104500,2013
201803,12,세종특별자치시 조치원읍 남리,단독,8m미만,62.58,129,10000,1977
201803,13,세종특별자치시 연서면 월하리,단독,8m미만,68.1,368,10500,1950
201803,14,세종특별자치시 연기면 연기리,단독,8m미만,79.74,221,19000,1981
201803,15,세종특별자치시 소정면 소정리,단독,8m미만,121.92,378,10000,1992
201803,15,세종특별자치시 연동면 예양리,단독,8m미만,79.3,656,18850,1990
201803,15,세종특별자치시 전의면 신정리,단독,8m미만,179.11,570.7,24000,2010
201803,16,세종특별자치시 조치원읍 교리,다가구,8m미만,671.84,369,122000,2018
201803,17,세종특별자치시 조치원읍 침산리,다가구,12m미만,594.7,328.1,110000,2018
201803,19,세종특별자치시 소정면 운당리,단독,8m미만,91.44,287,15000,1991
201803,19,세종특별자치시 연서면 와촌리,단독,8m미만,54.55,543,15000,1962
201803,19,세종특별자치시 조치원읍 죽림리,단독,8m미만,91.88,208,12000,1982
201803,20,세종특별자치시 조치원읍 남리,단독,8m미만,34.76,66,4500,1984
201803,22,세종특별자치시 장군면 송문리,단독,8m미만,131.85,1125,19500,2015
201803,22,세종특별자치시 장군면 송학리,단독,8m미만,153.6,771,34810,2010
201803,22,세종특별자치시 전동면 송곡리,단독,8m미만,46.94,707,17078,1901
201803,24,세종특별자치시 전동면 청송리,단독,8m미만,99.27,699,37000,2014
201803,26,세종특별자치시 금남면 용담리,단독,8m미만,104.78,416,19000,1950
201803,26,세종특별자치시 연동면 내판리,단독,12m미만,221.33,626,55000,1967
201803,27,세종특별자치시 장군면 도계리,단독,8m미만,81.88,1120,23800,2018
201803,28,세종특별자치시 전동면 송성리,단독,8m미만,106.11,448,14000,2005
201803,29,세종특별자치시 소정면 대곡리,단독,8m미만,70.41,248,8000,1982
201803,29,세종특별자치시 연서면 성제리,단독,12m미만,91.62,290,15000,2014
201803,29,세종특별자치시 전동면 심중리,단독,8m미만,75.6,289,11000,2016
201803,30,세종특별자치시 연기면 수산리,단독,8m미만,76.03,536,25900,1950
201803,31,세종특별자치시 연기면 보통리,다가구,8m미만,493.86,500,83000,2013
201803,31,세종특별자치시 장군면 금암리,단독,8m미만,164.7,719,53000,2006
201804,2,세종특별자치시 조치원읍 서창리,단독,8m미만,90.48,262,20500,1996
201804,2,세종특별자치시 조치원읍 신안리,단독,12m미만,570.51,340,59500,1997
201804,6,세종특별자치시 장군면 봉안리,다가구,8m미만,425.23,426,103000,2014
201804,7,세종특별자치시 연서면 봉암리,단독,8m미만,75.81,399,29400,1984
201804,9,세종특별자치시 연서면 봉암리,단독,8m미만,67.5,142,12000,1980
201804,9,세종특별자치시 전동면 노장리,단독,12m미만,204.24,583,15972,1988
201804,10,세종특별자치시 조치원읍 신흥리,단독,8m미만,41.64,212,19000,1947
201804,10,세종특별자치시 조치원읍 원리,단독,25m미만,164.24,132,60000,1978
201804,11,세종특별자치시 부강면 부강리,다가구,8m미만,657.46,625,175000,2018
201804,13,세종특별자치시 금남면 영대리,단독,8m미만,85.2,486,32220,1950
201804,13,세종특별자치시 장군면 금암리,단독,8m미만,198.84,736,76400,2006
201804,13,세종특별자치시 전동면 청송리,단독,8m미만,73.05,579,3600,1954
201804,14,세종특별자치시 연서면 봉암리,단독,8m미만,483.94,372,71400,2014
201804,20,세종특별자치시 전의면 동교리,단독,8m미만,199.58,836,37000,2003
201804,25,세종특별자치시 연서면 봉암리,단독,8m미만,74.1,155,13000,1979
201804,26,세종특별자치시 연서면 성제리,단독,12m미만,196.65,319,25520,2004
201804,27,세종특별자치시 연서면 부동리,단독,8m미만,89.63,1025,32300,1993
201804,27,세종특별자치시 조치원읍 교리,다가구,8m미만,553.44,353,118000,2017
201804,28,세종특별자치시 장군면 봉안리,단독,8m미만,439.29,441,103600,2015
201805,1,세종특별자치시 연동면 예양리,단독,8m미만,76.85,293,13000,2012
201805,2,세종특별자치시 금남면 영곡리,단독,8m미만,162.3,660,27500,2018
201805,2,세종특별자치시 조치원읍 서창리,단독,8m미만,84.36,159,15000,1983
201805,3,세종특별자치시 조치원읍 서창리,단독,8m미만,119.43,141,15450,1988
201805,4,세종특별자치시 부강면 부강리,다가구,8m미만,663.5,409,130000,2017
201805,6,세종특별자치시 조치원읍 침산리,단독,8m미만,455.86,216.9,62000,2011
201805,8,세종특별자치시 장군면 송문리,단독,8m미만,63.18,301,17500,2004
201805,8,세종특별자치시 조치원읍 봉산리,단독,12m미만,142.32,515,43000,1945
201805,9,세종특별자치시 조치원읍 교리,단독,8m미만,141.62,166.96,15000,1981
201805,9,세종특별자치시 조치원읍 남리,단독,12m미만,402.25,330.7,30000,1997
201805,10,세종특별자치시 연서면 와촌리,단독,8m미만,93.86,399,27000,1997
201805,11,세종특별자치시 전동면 노장리,단독,8m미만,183.37,357,4400,1991
201805,11,세종특별자치시 조치원읍 교리,단독,12m미만,353.59,139.8,40000,2007
201805,12,세종특별자치시 금남면 원봉리,단독,8m미만,107.39,756,26777,2007
201805,14,세종특별자치시 조치원읍 교리,단독,12m미만,119.93,257.8,20000,1982
201805,14,세종특별자치시 조치원읍 서창리,단독,8m미만,118.6,318,19600,1982
201805,14,세종특별자치시 조치원읍 평리,단독,8m미만,113.4,344,27000,1983
201805,15,세종특별자치시 장군면 대교리,단독,8m미만,58.19,255,18000,1988
201805,15,세종특별자치시 조치원읍 신흥리,단독,8m미만,31.6,415,20000,1954
201805,17,세종특별자치시 조치원읍 신안리,단독,8m미만,99,438,22000,2004
201805,18,세종특별자치시 장군면 봉안리,단독,8m미만,47.05,625,39000,2016
201805,23,세종특별자치시 연서면 신대리,단독,8m미만,72.09,373,19000,2013
201805,23,세종특별자치시 연서면 와촌리,단독,8m미만,40.5,450,22200,1997
201805,23,세종특별자치시 조치원읍 명리,단독,8m미만,66.41,155,15000,1976
201805,23,세종특별자치시 조치원읍 신흥리,단독,8m미만,70.38,116,4500,1944
201805,25,세종특별자치시 장군면 금암리,단독,8m미만,107.31,384,32000,2004
201805,26,세종특별자치시 금남면 용포리,단독,8m미만,567.25,359,110000,2012
201805,26,세종특별자치시 부강면 부강리,단독,12m미만,134.08,394,49000,1996
201805,28,세종특별자치시 연기면 연기리,단독,8m미만,79.69,287,24000,1984
201805,28,세종특별자치시 조치원읍 침산리,단독,12m미만,473.62,264.5,90000,2012
201805,29,세종특별자치시 조치원읍 교리,단독,8m미만,259.35,198.3,28200,2005
201805,30,세종특별자치시 조치원읍 명리,단독,8m미만,98.46,152,13800,1976
201806,1,세종특별자치시 연서면 용암리,단독,-,66,380,8500,2018
201806,4,세종특별자치시 조치원읍 남리,단독,8m미만,66.42,116,13000,1979
201806,4,세종특별자치시 조치원읍 침산리,단독,8m미만,104.55,125,15000,1989
201806,5,세종특별자치시 소정면 소정리,단독,8m미만,164.48,1480,20000,1992
201806,8,세종특별자치시 연서면 신대리,단독,8m미만,94.71,661,18000,2005
201806,9,세종특별자치시 연서면 쌍전리,단독,8m미만,87.93,526,17300,1977
201806,9,세종특별자치시 조치원읍 신흥리,단독,8m미만,77.66,426,51500,1934
201806,12,세종특별자치시 연기면 수산리,단독,8m미만,95.16,678,23500,2012
201806,12,세종특별자치시 연동면 예양리,단독,8m미만,52.23,198,6000,1981
201806,12,세종특별자치시 전의면 신방리,단독,8m미만,131,377,11500,1994
201806,15,세종특별자치시 전동면 보덕리,단독,8m미만,150.6,773,13500,1953
201806,19,세종특별자치시 소정면 운당리,단독,8m미만,66.85,227,6300,1985
201806,19,세종특별자치시 연서면 성제리,단독,8m미만,110.4,216,12500,1993
201806,19,세종특별자치시 연서면 쌍류리,단독,8m미만,194.43,590,20000,1996
201806,19,세종특별자치시 장군면 금암리,단독,12m미만,417.33,421,73500,2012
201806,22,세종특별자치시 금남면 신촌리,단독,12m미만,112.2,312,40000,1985
201806,22,세종특별자치시 장군면 도계리,단독,8m미만,164.34,580,39000,2017
201806,23,세종특별자치시 연서면 용암리,단독,8m미만,216.62,1516,65000,2008
201806,24,세종특별자치시 연동면 송용리,단독,8m미만,84.51,265,26500,1995
201806,26,세종특별자치시 연기면 연기리,단독,8m미만,23.14,379,28000,1958
201806,28,세종특별자치시 장군면 대교리,단독,8m미만,111.36,179,35000,2017
201806,28,세종특별자치시 장군면 대교리,단독,8m미만,112.2,179,35000,2017
201806,28,세종특별자치시 장군면 대교리,단독,8m미만,111.54,193,36000,2017
201806,30,세종특별자치시 연서면 쌍전리,단독,8m미만,140.75,635,32000,2001
201807,1,세종특별자치시 조치원읍 교리,단독,25m미만,57.75,107.8,13500,1975
201807,2,세종특별자치시 장군면 평기리,단독,8m미만,99.42,650,24000,2001
201807,2,세종특별자치시 조치원읍 신안리,단독,8m미만,454.74,294,58000,1997
201807,3,세종특별자치시 금남면 황용리,단독,8m미만,79.92,460,24000,2000
201807,3,세종특별자치시 연서면 고복리,단독,8m미만,164.7,882,76000,2017
201807,4,세종특별자치시 조치원읍 침산리,단독,8m미만,43.8,112,8000,1973
201807,10,세종특별자치시 장군면 대교리,단독,8m미만,111.36,179,35000,2017
201807,11,세종특별자치시 부강면 부강리,단독,8m미만,353.58,1530,156400,1927
201807,13,세종특별자치시 조치원읍 신흥리,단독,25m이상,135.53,327,53000,1995
201807,14,세종특별자치시 부강면 부강리,단독,8m미만,68.43,641,17800,2004
201807,20,세종특별자치시 장군면 금암리,다가구,12m미만,503.86,322,55000,2001
201807,20,세종특별자치시 조치원읍 교리,단독,25m미만,572.94,352.4,72000,2013
201807,24,세종특별자치시 연기면 연기리,단독,8m미만,417.8,281,60000,2012
201807,25,세종특별자치시 연서면 국촌리,단독,8m미만,99.6,255,17640,2007
201807,29,세종특별자치시 장군면 대교리,단독,8m미만,178.07,511,44500,2011
201808,2,세종특별자치시 연서면 고복리,단독,8m미만,54.41,172,10800,1994
201808,6,세종특별자치시 연기면 연기리,단독,8m미만,501.46,335,75000,2012
201808,12,세종특별자치시 부강면 문곡리,단독,8m미만,84,323,15000,1990
201808,14,세종특별자치시 연동면 예양리,단독,8m미만,79.3,656,26000,1990
201808,14,세종특별자치시 연서면 기룡리,단독,8m미만,32,639,12500,1999
201808,14,세종특별자치시 연서면 봉암리,단독,8m미만,74.1,223,17000,1980
201808,16,세종특별자치시 부강면 부강리,단독,8m미만,119.63,1007,32000,1944
201808,17,세종특별자치시 연기면 보통리,단독,8m미만,424.47,425,81000,2014
201808,19,세종특별자치시 전의면 읍내리,단독,8m미만,79.05,121,19000,2002
201808,20,세종특별자치시 금남면 용포리,단독,8m미만,72.72,254,28000,1944
201808,20,세종특별자치시 조치원읍 교리,단독,8m미만,131.93,182.4,16500,1987
201808,29,세종특별자치시 전동면 송성리,단독,8m미만,73.06,522,9475,1938
201808,29,세종특별자치시 조치원읍 상리,단독,12m미만,266.33,142,47000,1978
201809,5,세종특별자치시 부강면 부강리,단독,8m미만,41.2,119,7000,1988
201809,5,세종특별자치시 장군면 봉안리,단독,8m미만,92.13,372,56500,2004
201809,9,세종특별자치시 전의면 읍내리,단독,25m미만,140.2,82,23500,1982
201809,11,세종특별자치시 연서면 성제리,단독,8m미만,133.64,1150,43500,1997
201809,11,세종특별자치시 장군면 대교리,단독,8m미만,93.28,402,49000,1997
201809,14,세종특별자치시 조치원읍 서창리,단독,25m미만,329.94,227,98000,2018
201809,15,세종특별자치시 장군면 금암리,단독,8m미만,171.86,642,58804,2000
201809,15,세종특별자치시 장군면 평기리,단독,8m미만,49.6,298,22000,1985
201809,18,세종특별자치시 연기면 눌왕리,단독,8m미만,167.4,2499,89000,1988
201809,23,세종특별자치시 금남면 용포리,단독,8m미만,82.08,159,21000,1993
201809,28,세종특별자치시 조치원읍 교리,다가구,8m미만,693.42,495.8,150000,2017
201809,28,세종특별자치시 조치원읍 신안리,단독,8m미만,161.22,235,27500,1985
201809,30,세종특별자치시 장군면 금암리,단독,8m미만,524.52,660,71000,2002
201810,1,세종특별자치시 금남면 장재리,단독,8m미만,95.65,181,25000,1988
201810,1,세종특별자치시 연기면 보통리,다가구,8m미만,527.72,536,100000,2013
201810,1,세종특별자치시 연서면 봉암리,다가구,8m미만,172.47,281,35000,2012
201810,2,세종특별자치시 장군면 대교리,단독,8m미만,82.62,670,36944,2016
201810,5,세종특별자치시 조치원읍 서창리,다가구,8m미만,481.78,232,66000,2002
201810,6,세종특별자치시 조치원읍 침산리,단독,8m미만,450.64,279.7,67000,2013
201810,8,세종특별자치시 금남면 원봉리,단독,8m미만,198.7,641,46520,2004
201810,12,세종특별자치시 조치원읍 봉산리,단독,8m미만,35.93,136,12800,1975
201810,18,세종특별자치시 조치원읍 원리,단독,8m미만,69.56,179,13500,1979
201810,19,세종특별자치시 조치원읍 신안리,단독,8m미만,75.64,190,12300,1985
201810,20,세종특별자치시 전의면 동교리,단독,12m미만,92.56,664,40200,1920
201810,25,세종특별자치시 연서면 봉암리,단독,8m미만,117,565,7700,2008
201810,26,세종특별자치시 전의면 신흥리,단독,8m미만,40.33,162,2800,1937
201810,28,세종특별자치시 전의면 달전리,단독,-,97.6,790,7160,2016
201810,28,세종특별자치시 조치원읍 신안리,단독,8m미만,89.37,298,18900,1990
201810,31,세종특별자치시 금남면 성덕리,단독,8m미만,76.69,350,15000,1987
201811,6,세종특별자치시 연서면 봉암리,단독,8m미만,120.64,217,18400,1980
201811,10,세종특별자치시 금남면 대박리,단독,8m미만,141.25,435,27000,1941
201811,11,세종특별자치시 부강면 노호리,단독,8m미만,59.24,372,5000,1988
201811,12,세종특별자치시 연서면 와촌리,단독,8m미만,90.91,335,17000,1930
201811,14,세종특별자치시 조치원읍 침산리,단독,8m미만,68.63,165,11900,1979
201811,15,세종특별자치시 금남면 호탄리,단독,8m미만,68.22,471,100000,1986
201811,17,세종특별자치시 조치원읍 신안리,다가구,8m미만,448.68,320,50000,2004
201811,17,세종특별자치시 조치원읍 신흥리,단독,8m미만,139.5,228,23500,1991
201811,20,세종특별자치시 부강면 노호리,단독,8m미만,138.92,700,28850,2011
201811,20,세종특별자치시 연서면 부동리,단독,8m미만,70.36,314,12000,1910
201811,20,세종특별자치시 전의면 달전리,단독,8m미만,336.64,1648,40910,2014
201811,20,세종특별자치시 전의면 동교리,단독,12m미만,117.87,416,18000,1985
201811,23,세종특별자치시 부강면 부강리,단독,12m미만,238.28,159,29000,1993
201811,23,세종특별자치시 소정면 소정리,단독,8m미만,61.48,159,7000,1985
201811,24,세종특별자치시 전동면 보덕리,단독,8m미만,152.66,600,21500,2004
201811,27,세종특별자치시 전의면 관정리,단독,8m미만,108.29,742,6000,1993
201811,30,세종특별자치시 연서면 봉암리,단독,8m미만,74.1,217,10000,1980
201811,30,세종특별자치시 연서면 와촌리,단독,8m미만,74.71,370,12000,1963
201812,1,세종특별자치시 연서면 와촌리,단독,12m미만,71.04,767,41700,1982
201812,3,세종특별자치시 조치원읍 번암리,단독,8m미만,48.26,199,17000,1980
201812,4,세종특별자치시 금남면 도남리,단독,8m미만,194.34,455,22500,2004
201812,4,세종특별자치시 장군면 송정리,단독,8m미만,73.24,334,8500,1926
201812,6,세종특별자치시 조치원읍 신안리,다가구,8m미만,455.63,311,88500,2012
201812,7,세종특별자치시 장군면 봉안리,다가구,8m미만,550.62,553,97000,2012
201812,7,세종특별자치시 조치원읍 신안리,다가구,8m미만,485.04,294,69500,2012
201812,12,세종특별자치시 조치원읍 침산리,단독,8m미만,28.8,126,7000,1973
201812,14,세종특별자치시 연서면 봉암리,다가구,8m미만,433.23,434,65000,2013
201812,14,세종특별자치시 전의면 동교리,단독,8m미만,108.96,701,31800,1981
201812,15,세종특별자치시 한솔동,단독,12m미만,299.28,296.9,65000,2017
201812,20,세종특별자치시 조치원읍 신안리,단독,8m미만,222.74,277,53450,1995
201812,20,세종특별자치시 조치원읍 죽림리,다가구,8m미만,135,231,31683,1990
201812,21,세종특별자치시 소정면 운당리,단독,8m미만,83.94,336,5300,1984
201812,25,세종특별자치시 연서면 월하리,단독,8m미만,64.13,668,25000,1962
201812,27,세종특별자치시 부강면 노호리,단독,8m미만,184.63,681,33500,2009
201812,31,세종특별자치시 연동면 문주리,단독,-,90.58,612,35310,1995
201812,31,세종특별자치시 조치원읍 서창리,다가구,12m미만,1193.64,1000,120000,2002
201901,2,세종특별자치시 전동면 송성리,단독,8m미만,83.37,231,15000,2014
201901,3,세종특별자치시 금남면 영치리,단독,8m미만,117.43,463,22300,1910
201901,3,세종특별자치시 조치원읍 남리,다가구,8m미만,657.61,378.5,96500,2014
201901,4,세종특별자치시 금남면 원봉리,단독,8m미만,75.9,847,38000,2013
201901,4,세종특별자치시 연동면 내판리,단독,8m미만,76.13,330,24000,1975
201901,8,세종특별자치시 금남면 용포리,단독,8m미만,62.81,324,48300,1944
201901,10,세종특별자치시 장군면 송학리,단독,12m미만,97.29,199.51,17200,2000
201901,11,세종특별자치시 조치원읍 평리,단독,8m미만,71.17,129,11500,1983
201901,15,세종특별자치시 연서면 봉암리,단독,8m미만,74.1,167,18000,1980
201901,15,세종특별자치시 연서면 월하리,단독,8m미만,164.04,456,24500,1998
201901,15,세종특별자치시 장군면 대교리,단독,8m미만,157.05,290,37900,2017
201901,16,세종특별자치시 조치원읍 남리,단독,12m미만,394.25,494,42000,1999
201901,17,세종특별자치시 연서면 봉암리,단독,8m미만,74.1,155,14000,1979
201901,19,세종특별자치시 도담동,단독,12m미만,208.43,305,83500,2019
201901,22,세종특별자치시 장군면 금암리,단독,8m미만,293.67,613,64140,2002
201901,22,세종특별자치시 조치원읍 침산리,다가구,12m미만,551.3,353.8,110000,2013
201901,24,세종특별자치시 고운동,단독,12m미만,178.74,345,77000,2017
201901,27,세종특별자치시 연서면 봉암리,단독,8m미만,98.6,678,51300,2017
201901,28,세종특별자치시 금남면 용포리,단독,8m미만,26.45,228,20000,1908
201901,29,세종특별자치시 조치원읍 교리,단독,8m미만,46.2,92.9,10000,1935
201901,30,세종특별자치시 연서면 기룡리,단독,8m미만,112.5,436,11000,1940
201901,30,세종특별자치시 전의면 서정리,단독,8m미만,80,387,11200,2012
201901,30,세종특별자치시 전의면 서정리,단독,8m미만,80,529,14000,2012
201901,30,세종특별자치시 조치원읍 신안리,다가구,8m미만,520.46,337,63000,2012
201902,1,세종특별자치시 부강면 부강리,단독,8m미만,93.04,465,15400,2013
201902,4,세종특별자치시 금남면 원봉리,단독,8m미만,97.74,735,35230,2007
201902,9,세종특별자치시 전의면 읍내리,단독,12m미만,74.05,69,9300,1957
201902,12,세종특별자치시 연서면 고복리,단독,8m미만,141.08,881,66685,2017
201902,13,세종특별자치시 장군면 대교리,단독,8m미만,88.81,506,40320,2013
201902,15,세종특별자치시 소정면 대곡리,단독,8m미만,72.48,380,8000,1991
201902,21,세종특별자치시 연서면 쌍류리,단독,8m미만,179.36,1408,50000,2002
201902,21,세종특별자치시 연서면 와촌리,단독,8m미만,113.06,670,29900,1969
201902,22,세종특별자치시 조치원읍 침산리,단독,8m미만,50.6,76,7500,1975
201902,25,세종특별자치시 연서면 기룡리,단독,8m미만,130,367,12000,1990
201902,25,세종특별자치시 전의면 신정리,단독,8m미만,52.48,433,11500,2015
201902,28,세종특별자치시 부강면 부강리,단독,8m미만,59.7,356,17000,1978
201903,1,세종특별자치시 전의면 원성리,단독,8m미만,56.86,267,9500,1968
201903,3,세종특별자치시 전동면 노장리,단독,12m미만,227.76,205,29200,1996
201903,4,세종특별자치시 연기면 보통리,단독,8m미만,93.31,140,15740,1972
201903,7,세종특별자치시 전의면 다방리,단독,8m미만,67.32,294,6000,1991
201903,10,세종특별자치시 연기면 연기리,단독,8m미만,97.05,267,25000,1998
201903,10,세종특별자치시 연서면 봉암리,다가구,8m미만,375.64,393,55000,2012
201903,13,세종특별자치시 연동면 문주리,단독,8m미만,66.15,833,62000,1941
201903,13,세종특별자치시 전의면 양곡리,단독,8m미만,99,382,9600,1995
201903,15,세종특별자치시 장군면 대교리,다가구,12m미만,451.95,454,93000,2012
201903,17,세종특별자치시 부강면 부강리,다가구,12m미만,546.14,269,95000,2013
201903,26,세종특별자치시 금남면 용포리,단독,12m미만,70.02,132,18000,1988
201903,26,세종특별자치시 부강면 금호리,단독,8m미만,72.81,752,27240,2007
201903,27,세종특별자치시 전의면 관정리,단독,8m미만,203.94,1435,35300,1955
201904,2,세종특별자치시 연기면 눌왕리,단독,8m미만,89.26,374,9200,1977
201904,3,세종특별자치시 연서면 봉암리,다가구,12m미만,327.2,269,60500,2002
201904,3,세종특별자치시 조치원읍 남리,단독,12m미만,91.54,132,11500,1980
201904,4,세종특별자치시 금남면 대박리,단독,8m미만,157.05,395,34700,2015
201904,9,세종특별자치시 금남면 대박리,단독,-,84.74,215,13000,1989
201904,10,세종특별자치시 금남면 대박리,단독,8m미만,157.05,362,33700,2015
201904,11,세종특별자치시 연서면 봉암리,단독,12m미만,78.3,145,22952,1990
201904,11,세종특별자치시 연서면 성제리,단독,12m미만,100.12,661,55000,2004
201904,12,세종특별자치시 연동면 예양리,단독,8m미만,109.08,301,14200,1975
201904,15,세종특별자치시 조치원읍 명리,단독,12m미만,121.64,67,13000,1986
201904,17,세종특별자치시 조치원읍 교리,단독,8m미만,163.84,178.2,18150,1985
201904,18,세종특별자치시 전의면 동교리,단독,8m미만,141.44,400,28300,1996
201904,20,세종특별자치시 금남면 도남리,단독,8m미만,199.45,562,29000,2012
201904,20,세종특별자치시 조치원읍 상리,단독,12m미만,80.36,324,26000,1979
201904,22,세종특별자치시 고운동,단독,12m미만,304.54,345,109000,2017
201904,22,세종특별자치시 금남면 두만리,단독,8m미만,91.1,340,29700,2004
201904,22,세종특별자치시 전의면 동교리,단독,8m미만,198.16,658,26500,1997
201904,22,세종특별자치시 조치원읍 평리,단독,25m미만,76.14,290.1,41500,1983
201904,24,세종특별자치시 부강면 부강리,다가구,8m미만,564.93,367,110000,2017
201904,25,세종특별자치시 전의면 신정리,단독,8m미만,88.67,645.4,17500,2003
201904,26,세종특별자치시 연기면 연기리,다가구,8m미만,428.19,289,62000,2014
201904,26,세종특별자치시 연서면 국촌리,단독,8m미만,109.08,660,25000,2010
201905,1,세종특별자치시 부강면 부강리,다가구,8m미만,571.4,417,92900,2013
201905,2,세종특별자치시 연서면 국촌리,단독,8m미만,172.56,200,21500,2010
201905,6,세종특별자치시 금남면 용포리,단독,8m미만,71.1,184,23100,1984
201905,9,세종특별자치시 장군면 봉안리,다가구,8m미만,328.29,354,73000,2012
201905,15,세종특별자치시 연서면 부동리,단독,8m미만,95.34,592,39000,2012
201905,16,세종특별자치시 부강면 갈산리,단독,8m미만,71.83,152,3000,1992
201905,16,세종특별자치시 전동면 송성리,단독,8m미만,151.51,659,9000,2007
201905,17,세종특별자치시 조치원읍 교리,단독,8m미만,165.97,219.4,20000,1994
201905,22,세종특별자치시 전의면 동교리,단독,8m미만,78.67,476,16050,1945
201905,23,세종특별자치시 금남면 용포리,단독,25m미만,208.8,119,41400,1991
201905,23,세종특별자치시 전의면 읍내리,단독,8m미만,82.02,297,19000,1992
201905,23,세종특별자치시 조치원읍 평리,단독,8m미만,55.32,132,5500,1975
201905,27,세종특별자치시 조치원읍 원리,단독,8m미만,62.42,134,9300,1979
201906,1,세종특별자치시 연서면 봉암리,단독,8m미만,75.6,397,20000,1979
201906,3,세종특별자치시 연서면 성제리,단독,12m미만,47.6,65,10000,1971
201906,5,세종특별자치시 부강면 부강리,단독,8m미만,84.48,145,9000,1992
201906,9,세종특별자치시 조치원읍 서창리,단독,8m미만,32.61,66,5300,1983
201906,10,세종특별자치시 연서면 월하리,다가구,8m미만,554.84,615,70000,2014
201906,15,세종특별자치시 전의면 읍내리,단독,25m미만,126.93,216,26800,2013
201906,17,세종특별자치시 연동면 노송리,단독,8m미만,97,426,11500,1995
201906,20,세종특별자치시 부강면 노호리,단독,8m미만,148.95,655,16600,1994
201906,21,세종특별자치시 조치원읍 신안리,다가구,8m미만,382.14,660,80000,2000
201906,24,세종특별자치시 전의면 읍내리,단독,8m미만,54.88,409,47000,1950
201906,26,세종특별자치시 연기면 연기리,다가구,8m미만,501.46,335,75000,2012
201906,26,세종특별자치시 조치원읍 원리,단독,25m미만,1506.53,596.7,350000,1999
201906,28,세종특별자치시 연서면 봉암리,단독,8m미만,74.1,167,18000,1980
201906,30,세종특별자치시 전의면 신흥리,단독,8m미만,85.89,501,13000,1945
201907,1,세종특별자치시 연서면 봉암리,단독,8m미만,74.1,140,11700,1980
201907,1,세종특별자치시 조치원읍 신안리,단독,8m미만,170.16,437,16000,2007
201907,1,세종특별자치시 조치원읍 죽림리,단독,8m미만,71.16,148,9500,1979
201907,2,세종특별자치시 부강면 부강리,단독,12m미만,238.28,159,40500,1993
201907,3,세종특별자치시 조치원읍 남리,단독,25m미만,406.94,551.2,52000,1997
201907,4,세종특별자치시 연기면 보통리,다가구,8m미만,493.86,504,93700,2014
201907,4,세종특별자치시 연기면 보통리,다가구,8m미만,493.86,559,93700,2014
201907,5,세종특별자치시 전의면 원성리,단독,12m미만,176,660,40000,1996
201907,9,세종특별자치시 연서면 고복리,단독,8m미만,103.47,441,12000,1977
201907,10,세종특별자치시 조치원읍 서창리,다가구,8m미만,432.4,385,28000,1996
201907,16,세종특별자치시 금남면 영치리,단독,8m미만,101.06,411,31000,2006
201907,16,세종특별자치시 장군면 도계리,단독,8m미만,42,625,37550,1989
201907,20,세종특별자치시 연서면 봉암리,단독,8m미만,74.1,197,13500,1980
201907,20,세종특별자치시 장군면 대교리,단독,8m미만,107.97,188,19500,2017
201907,22,세종특별자치시 금남면 영치리,단독,8m미만,101.06,411,31000,2006
201907,23,세종특별자치시 연기면 연기리,단독,8m미만,83.34,259,35000,1989
201907,24,세종특별자치시 금남면 원봉리,단독,8m미만,67.5,579,26000,1997
201907,25,세종특별자치시 금남면 발산리,단독,8m미만,99.83,374,42000,1939
201907,25,세종특별자치시 연서면 기룡리,단독,8m미만,101.49,466,14000,1921
201907,27,세종특별자치시 조치원읍 명리,단독,12m미만,155.7,324,33500,1990
201907,30,세종특별자치시 장군면 금암리,단독,8m미만,59.07,372,29300,2017
201908,3,세종특별자치시 조치원읍 침산리,단독,25m미만,69.88,107,20000,1980
201908,6,세종특별자치시 장군면 봉안리,다가구,8m미만,487.29,491,102000,2014
201908,8,세종특별자치시 장군면 태산리,단독,8m미만,111.78,581,38450,2018
201908,13,세종특별자치시 조치원읍 서창리,단독,8m미만,352.08,1467,60000,1973
201908,20,세종특별자치시 금남면 대박리,단독,8m미만,87.82,395,40000,2011
201908,20,세종특별자치시 연서면 고복리,단독,8m미만,98.9,479,10000,2012
201908,21,세종특별자치시 조치원읍 원리,단독,12m미만,128.16,199,22700,1980
201908,22,세종특별자치시 조치원읍 평리,단독,8m미만,133.53,234,25000,1985
201908,24,세종특별자치시 연기면 보통리,다가구,8m미만,533.88,543,70000,2013
201908,28,세종특별자치시 연서면 고복리,단독,8m미만,155.04,1197,44219,2015
201908,29,세종특별자치시 조치원읍 교리,단독,8m미만,49.03,105.4,8140,1961
201908,30,세종특별자치시 조치원읍 교리,단독,12m미만,116.55,226.4,24150,1981
201909,1,세종특별자치시 장군면 금암리,단독,8m미만,110.74,508,52000,2015
201909,2,세종특별자치시 금남면 도남리,단독,8m미만,190.9,362,21300,2004
201909,2,세종특별자치시 금남면 두만리,단독,8m미만,73.74,292,16000,1947
201909,3,세종특별자치시 조치원읍 평리,단독,8m미만,84.51,269,25000,1980
201909,6,세종특별자치시 조치원읍 평리,단독,8m미만,169.37,258.2,24000,1985
201909,7,세종특별자치시 조치원읍 신안리,다가구,8m미만,189.12,163,18000,1999
201909,8,세종특별자치시 조치원읍 침산리,단독,8m미만,36.96,79,5400,1957
201909,16,세종특별자치시 부강면 부강리,다가구,8m미만,659.13,365,108000,2013
201909,16,세종특별자치시 연서면 부동리,단독,8m미만,91.8,224,13720,1996
201909,18,세종특별자치시 전의면 신방리,단독,8m미만,174.43,375,12000,1985
201909,19,세종특별자치시 연서면 봉암리,단독,8m미만,88.24,366,41190,1988
201909,20,세종특별자치시 부강면 금호리,단독,12m미만,99.82,897,51900,2009
201909,24,세종특별자치시 소정면 운당리,단독,8m미만,76.23,282,5000,1985
201909,24,세종특별자치시 조치원읍 죽림리,단독,8m미만,95.83,192,20000,1983
201909,25,세종특별자치시 장군면 금암리,단독,8m미만,198.4,743,107000,2005
201909,26,세종특별자치시 연기면 보통리,다가구,8m미만,423.1,425,85300,2014
201909,27,세종특별자치시 금남면 두만리,단독,8m미만,93.09,610,36000,1975
201909,30,세종특별자치시 연서면 기룡리,단독,8m미만,99.1,1914,39500,2011
201910,1,세종특별자치시 전의면 읍내리,단독,8m미만,83.43,262,15000,1981
201910,1,세종특별자치시 전의면 읍내리,단독,8m미만,59.02,314,16000,1984
201910,2,세종특별자치시 연기면 연기리,단독,8m미만,66,493,39000,1990
201910,2,세종특별자치시 장군면 대교리,단독,8m미만,154.49,1523,86700,2017
201910,3,세종특별자치시 소정면 운당리,단독,8m미만,192.46,350,21700,2002
201910,4,세종특별자치시 부강면 등곡리,단독,8m미만,96.3,1514,21300,1993
201910,7,세종특별자치시 연서면 월하리,단독,8m미만,79.43,354,12000,1980
201910,11,세종특별자치시 부강면 행산리,단독,8m미만,92.19,456,15000,2010
201910,11,세종특별자치시 장군면 금암리,다가구,8m미만,398.63,405,60000,1989
201910,14,세종특별자치시 장군면 송학리,단독,8m미만,153.6,771,32900,2010
201910,16,세종특별자치시 금남면 용포리,단독,8m미만,99.58,660,100000,2005
201910,16,세종특별자치시 조치원읍 상리,단독,8m미만,74.05,307,21000,1946
201910,18,세종특별자치시 조치원읍 평리,단독,8m미만,90.8,168,18000,1980
201910,21,세종특별자치시 조치원읍 침산리,단독,8m미만,21.81,74,5200,1958
201910,22,세종특별자치시 장군면 용암리,단독,8m미만,63.62,323,800,1946
201910,23,세종특별자치시 조치원읍 서창리,다가구,8m미만,208.29,268,31000,1994
201910,25,세종특별자치시 조치원읍 상리,단독,25m미만,201.26,282,28305,1975
201910,26,세종특별자치시 장군면 용암리,단독,8m미만,92.82,555,22500,2004
201910,27,세종특별자치시 조치원읍 서창리,단독,12m미만,173.37,295,45000,1987
201910,29,세종특별자치시 부강면 행산리,단독,8m미만,94.72,406,10000,2012
201910,30,세종특별자치시 전의면 동교리,단독,8m미만,58.86,344,14000,1976
201911,2,세종특별자치시 소정면 운당리,단독,8m미만,125.06,390,10000,1980
201911,6,세종특별자치시 장군면 대교리,단독,8m미만,154.49,1330,54640,2017
201911,12,세종특별자치시 장군면 도계리,단독,8m미만,69.29,325,24750,1989
201911,13,세종특별자치시 금남면 영치리,단독,8m미만,21,393,6000,1955
201911,15,세종특별자치시 부강면 부강리,단독,25m미만,686.65,293,114000,2014
201911,16,세종특별자치시 연서면 월하리,단독,12m미만,192.15,500,29500,1997
201911,25,세종특별자치시 연서면 월하리,다가구,12m미만,1048.65,1850,103800,2006
201911,27,세종특별자치시 조치원읍 서창리,다가구,8m미만,432.4,385,28500,1996
201912,2,세종특별자치시 장군면 대교리,단독,8m미만,98.96,741,55000,2017
201912,2,세종특별자치시 전동면 노장리,단독,8m미만,78,650,8280,2002
201912,6,세종특별자치시 조치원읍 신안리,다가구,8m미만,425.88,239,43942,2004
201912,10,세종특별자치시 금남면 용포리,단독,8m미만,26.45,228,18000,1908
201912,10,세종특별자치시 연동면 내판리,단독,8m미만,73.7,330,25000,1995
201912,11,세종특별자치시 조치원읍 신안리,다가구,8m미만,464.43,397,66800,2003
201912,14,세종특별자치시 장군면 산학리,단독,12m미만,107.9,573,25000,1999
201912,14,세종특별자치시 조치원읍 서창리,단독,8m미만,99.19,1243,40000,1996
201912,16,세종특별자치시 연서면 청라리,단독,8m미만,115.37,517.3,12800,1925
201912,16,세종특별자치시 조치원읍 상리,단독,12m미만,255.27,132,34500,1990
201912,18,세종특별자치시 전의면 달전리,단독,8m미만,336.64,1648,34880,2014
201912,18,세종특별자치시 조치원읍 교리,단독,8m미만,436.96,303.5,69500,1993
201912,18,세종특별자치시 조치원읍 신흥리,단독,12m미만,199.11,185,29000,1995
201912,23,세종특별자치시 장군면 봉안리,단독,8m미만,51.45,346,29000,1990
201912,24,세종특별자치시 연서면 기룡리,단독,8m미만,147.31,495,37000,1993
201912,24,세종특별자치시 조치원읍 서창리,단독,8m미만,99.19,1243,40000,1996
201912,26,세종특별자치시 금남면 박산리,단독,8m미만,98.4,330,25000,2008
201912,27,세종특별자치시 조치원읍 남리,다가구,12m미만,198.48,180,16700,1991
201912,28,세종특별자치시 장군면 송문리,단독,8m미만,122.88,445,27140,2017
201912,30,세종특별자치시 부강면 부강리,단독,8m미만,76.65,420,16000,1927
201912,30,세종특별자치시 조치원읍 죽림리,단독,8m미만,98.73,167,16500,1979
201912,31,세종특별자치시 장군면 송문리,단독,8m미만,123.31,446,28640,2017
202001,3,세종특별자치시 장군면 봉안리,단독,8m미만,85.43,547,107554,1995
202001,6,세종특별자치시 소정면 소정리,단독,25m미만,186.93,374,8150,1992
202001,7,세종특별자치시 조치원읍 신흥리,단독,12m미만,80.22,188,17000,1975
202001,13,세종특별자치시 연서면 봉암리,다가구,8m미만,375.64,393,56000,2012
202001,15,세종특별자치시 연서면 성제리,단독,8m미만,89.31,500,30000,2003
202001,15,세종특별자치시 조치원읍 신안리,다가구,8m미만,615.85,339,85000,2010
202001,16,세종특별자치시 장군면 대교리,단독,8m미만,154.49,766,33000,2017
202001,20,세종특별자치시 부강면 부강리,단독,12m미만,84.13,268,27500,1940
202001,20,세종특별자치시 조치원읍 서창리,다가구,8m미만,570.42,331,75000,2012
202001,22,세종특별자치시 부강면 부강리,다가구,12m미만,494.15,248,87000,2013
202001,23,세종특별자치시 부강면 부강리,단독,8m미만,130,885,32000,2006
202001,28,세종특별자치시 조치원읍 신안리,단독,8m미만,156.85,252,26000,1979
202001,31,세종특별자치시 장군면 도계리,단독,8m미만,53.48,402,31000,1987
202001,31,세종특별자치시 조치원읍 서창리,다가구,8m미만,613.92,362,73000,2000
202002,1,세종특별자치시 연서면 와촌리,단독,8m미만,142.28,659,27000,2014
202002,1,세종특별자치시 조치원읍 명리,단독,8m미만,65.9,188,17000,1975
202002,1,세종특별자치시 조치원읍 번암리,단독,8m미만,90.09,198,15000,1960
202002,1,세종특별자치시 조치원읍 신흥리,단독,12m미만,73.7,284,25300,2007
202002,4,세종특별자치시 금남면 성강리,단독,8m미만,330.6,586,28000,2003
202002,5,세종특별자치시 금남면 원봉리,단독,8m미만,131.79,507,18000,2002
202002,5,세종특별자치시 연동면 명학리,단독,8m미만,29.75,185,10000,1940
202002,5,세종특별자치시 장군면 금암리,다가구,8m미만,223.14,517,151000,2017
202002,6,세종특별자치시 금남면 원봉리,단독,8m미만,131.79,180,5700,1990
202002,6,세종특별자치시 조치원읍 서창리,단독,8m미만,297.9,196,64000,2013
202002,7,세종특별자치시 금남면 영곡리,단독,12m미만,123.5,355,13000,2004
202002,9,세종특별자치시 연기면 수산리,단독,8m미만,131.05,450,36230,2018
202002,10,세종특별자치시 연서면 쌍류리,단독,8m미만,92,307,6000,1990
202002,13,세종특별자치시 금남면 박산리,단독,8m미만,99.18,436,38000,2001
202002,13,세종특별자치시 전동면 심중리,단독,8m미만,85.91,439,15100,1978
202002,13,세종특별자치시 조치원읍 평리,단독,8m미만,126.63,268,20700,1989
202002,17,세종특별자치시 부강면 노호리,단독,8m미만,184.63,681,33300,2009
202002,18,세종특별자치시 금남면 용포리,단독,12m미만,138.65,197,18900,1987
202002,19,세종특별자치시 전동면 청송리,단독,8m미만,91.62,264,5500,1953
202002,20,세종특별자치시 조치원읍 정리,단독,8m미만,54.36,195,37982,1970
202002,22,세종특별자치시 조치원읍 명리,단독,8m미만,132.81,149,10000,1993
202002,25,세종특별자치시 금남면 도남리,단독,8m미만,175.75,476,50523,2011
202002,27,세종특별자치시 금남면 용담리,단독,8m미만,127.63,719,44500,1990
202002,27,세종특별자치시 조치원읍 봉산리,단독,8m미만,107.46,215,16650,1984
202003,4,세종특별자치시 연서면 봉암리,단독,8m미만,67.5,211,13300,1980
202003,4,세종특별자치시 연서면 월하리,단독,8m미만,82.47,214,13250,1988
202003,5,세종특별자치시 조치원읍 상리,단독,12m미만,49.25,63,10354,1961
202003,7,세종특별자치시 금남면 도남리,단독,8m미만,198.82,532,32000,1980
202003,8,세종특별자치시 조치원읍 명리,단독,8m미만,58.59,164,17000,1973
202003,9,세종특별자치시 금남면 영대리,단독,8m미만,46,793,10000,2000
202003,9,세종특별자치시 부강면 문곡리,단독,8m미만,58.77,219,9500,2011
202003,10,세종특별자치시 소정면 대곡리,단독,8m미만,70.41,248,8100,1982
202003,10,세종특별자치시 조치원읍 상리,단독,12m미만,50.49,241,25747,1942
202003,11,세종특별자치시 조치원읍 상리,단독,12m미만,47.19,252,29176,1990
202003,11,세종특별자치시 조치원읍 신안리,다가구,8m미만,594.22,351,81000,2013
202003,12,세종특별자치시 아름동,단독,12m미만,251.98,354.9,105000,2020
202003,13,세종특별자치시 장군면 금암리,단독,8m미만,230.74,512,62520,1998
202003,13,세종특별자치시 조치원읍 상리,다가구,12m미만,140.97,162,22794,1987
202003,13,세종특별자치시 조치원읍 상리,단독,12m미만,37.67,76,8547,1976
202003,13,세종특별자치시 조치원읍 상리,단독,8m미만,33,93,9768,1926
202003,13,세종특별자치시 조치원읍 상리,단독,12m미만,35.4,96,12455,1983
202003,14,세종특별자치시 조치원읍 상리,단독,8m미만,154.31,231,28288,1978
202003,16,세종특별자치시 조치원읍 상리,단독,8m미만,30.36,50,5030,1951
202003,16,세종특별자치시 조치원읍 신흥리,단독,12m미만,178.18,331,37000,1986
202003,17,세종특별자치시 조치원읍 상리,단독,12m미만,101.31,225,25133,1990
202003,18,세종특별자치시 장군면 금암리,단독,8m미만,185.92,1104,89800,2006
202003,20,세종특별자치시 부강면 문곡리,단독,8m미만,71.5,298,6000,1994
202003,20,세종특별자치시 조치원읍 침산리,다가구,8m미만,389.02,250.1,96000,2013
202003,21,세종특별자치시 금남면 영대리,단독,8m미만,93.99,713,19400,1940
202003,21,세종특별자치시 조치원읍 신흥리,단독,8m미만,99.12,106,11400,1995
202003,23,세종특별자치시 소정면 운당리,단독,8m미만,125.06,390,12000,1980
202003,23,세종특별자치시 전동면 청송리,단독,8m미만,71.1,323,9000,1980
202003,23,세종특별자치시 전의면 읍내리,단독,12m미만,90,482,16500,1999
202003,23,세종특별자치시 조치원읍 상리,단독,12m미만,61.72,129,16676,1979
202003,23,세종특별자치시 조치원읍 죽림리,단독,12m미만,236.88,230,24000,1995
202003,23,세종특별자치시 조치원읍 침산리,단독,8m미만,51.17,228,12000,1936
202003,26,세종특별자치시 금남면 황용리,단독,8m미만,50,200,20400,2008
202003,26,세종특별자치시 조치원읍 정리,단독,8m미만,70.18,83,9000,1979
202003,28,세종특별자치시 금남면 원봉리,단독,8m미만,91.63,307.67,14250,2006
202003,30,세종특별자치시 장군면 금암리,단독,8m미만,174.24,494,49091,2018
202003,31,세종특별자치시 조치원읍 남리,단독,12m미만,75.36,112,11880,1971
202004,1,세종특별자치시 소정면 대곡리,단독,8m미만,119.8,496,15250,2015
202004,1,세종특별자치시 전동면 송성리,단독,8m미만,73.72,394,10000,1958
202004,2,세종특별자치시 소정면 운당리,단독,8m미만,69,450,10500,1991
202004,2,세종특별자치시 전동면 노장리,단독,8m미만,99.09,310,10420,1994
202004,3,세종특별자치시 장군면 산학리,단독,8m미만,97.44,489,36500,2017
202004,6,세종특별자치시 장군면 금암리,단독,8m미만,146.85,729,52300,2005
202004,7,세종특별자치시 조치원읍 교리,단독,8m미만,84.7,170.6,19500,2002
202004,9,세종특별자치시 금남면 대박리,단독,8m미만,114.03,330,37000,2007
202004,9,세종특별자치시 연기면 연기리,단독,8m미만,76.68,179,11500,1990
202004,13,세종특별자치시 금남면 대박리,단독,8m미만,157.05,362,42441,2015
202004,13,세종특별자치시 연서면 월하리,단독,8m미만,68.1,368,16000,1950
202004,13,세종특별자치시 조치원읍 명리,단독,8m미만,68.43,175,17000,1973
202004,13,세종특별자치시 조치원읍 상리,단독,25m미만,154.96,155,16400,1981
202004,16,세종특별자치시 조치원읍 교리,단독,12m미만,122.76,304.5,31000,1975
202004,16,세종특별자치시 조치원읍 명리,단독,12m미만,48.8,205,16000,1951
202004,18,세종특별자치시 금남면 도암리,단독,8m미만,74.5,495,28000,1999
202004,18,세종특별자치시 전의면 읍내리,단독,12m미만,243.24,205,32000,1997
202004,18,세종특별자치시 조치원읍 신흥리,단독,8m미만,65.01,147,10200,1979
202004,20,세종특별자치시 전동면 청송리,단독,8m미만,144.5,720,26600,2016
202004,20,세종특별자치시 전의면 읍내리,단독,12m미만,95.87,577,59265,1952
202004,20,세종특별자치시 조치원읍 번암리,단독,8m미만,68.04,329,28000,1981
202004,21,세종특별자치시 장군면 금암리,단독,8m미만,126,470,44750,2017
202004,21,세종특별자치시 장군면 대교리,단독,8m미만,110.25,1059,67100,2013
202004,22,세종특별자치시 장군면 도계리,단독,8m미만,81.88,1120,23800,2018
202004,22,세종특별자치시 조치원읍 신흥리,단독,8m미만,92,221,16000,2001
202004,23,세종특별자치시 조치원읍 신안리,다가구,8m미만,630,965,68700,2003
202004,24,세종특별자치시 전의면 읍내리,단독,8m미만,63.6,470,16500,1985
202004,25,세종특별자치시 연기면 연기리,단독,8m미만,39.67,274,24070,1961
202004,27,세종특별자치시 전동면 송성리,단독,8m미만,73.72,394,10000,1958
202004,28,세종특별자치시 전의면 동교리,단독,8m미만,58.86,344,15100,1976
202004,29,세종특별자치시 장군면 용암리,단독,8m미만,151.06,650,33000,2017
202004,29,세종특별자치시 조치원읍 평리,단독,8m미만,60.44,132,7350,1973
202004,30,세종특별자치시 금남면 원봉리,단독,8m미만,179.34,460,37800,2006
202005,1,세종특별자치시 조치원읍 신흥리,단독,12m미만,74.16,180,15000,1984
202005,5,세종특별자치시 금남면 축산리,단독,8m미만,135.38,810,27000,2017
202005,6,세종특별자치시 부강면 부강리,단독,8m미만,89.82,1249,49200,1995
202005,6,세종특별자치시 조치원읍 교리,단독,8m미만,109.85,198.7,21800,1977
202005,10,세종특별자치시 장군면 금암리,단독,8m미만,185.76,418,58200,2009
202005,10,세종특별자치시 장군면 금암리,단독,8m미만,182.95,476,56000,1998
202005,11,세종특별자치시 조치원읍 남리,단독,12m미만,91.54,132,16500,1980
202005,13,세종특별자치시 연서면 쌍전리,단독,8m미만,36.69,750,40000,1940
202005,15,세종특별자치시 조치원읍 교리,단독,8m미만,59.6,298.4,24500,1974
202005,19,세종특별자치시 금남면 용포리,단독,8m미만,33.06,215,19900,1946
202005,19,세종특별자치시 부강면 문곡리,단독,8m미만,117.3,512,11560,1990
202005,19,세종특별자치시 전의면 읍내리,단독,8m미만,339.86,515,88087,2010
202005,20,세종특별자치시 조치원읍 서창리,단독,8m미만,201.06,296,23500,1985
202005,23,세종특별자치시 고운동,단독,12m미만,146.15,331,72500,2020
202005,28,세종특별자치시 조치원읍 침산리,단독,8m미만,64,108,15000,1984
202005,30,세종특별자치시 부강면 문곡리,단독,8m미만,74.38,339,5200,1936
202006,3,세종특별자치시 연서면 봉암리,단독,8m미만,117.05,565,26500,2008
202006,4,세종특별자치시 장군면 봉안리,다가구,8m미만,360.49,362,83010,2014
202006,4,세종특별자치시 조치원읍 신안리,다가구,8m미만,252.91,164,37000,2009
202006,5,세종특별자치시 부강면 부강리,다가구,12m미만,609.08,368,125000,2017
202006,6,세종특별자치시 연서면 국촌리,단독,8m미만,146.1,424,15000,1993
202006,7,세종특별자치시 전동면 송곡리,단독,8m미만,133.96,595,38500,2015
202006,8,세종특별자치시 금남면 용포리,단독,8m미만,99.58,660,110000,2005
202006,9,세종특별자치시 전동면 노장리,단독,8m미만,72.4,683,32000,1942
202006,9,세종특별자치시 전동면 보덕리,단독,8m미만,257.94,246,20000,2005
202006,11,세종특별자치시 전의면 동교리,단독,8m미만,82.5,626,40000,1979
202006,11,세종특별자치시 조치원읍 신안리,다가구,8m미만,615.38,591,79000,1995
202006,12,세종특별자치시 조치원읍 명리,단독,12m미만,79.43,188,17200,1975
202006,13,세종특별자치시 금남면 금천리,단독,8m미만,160.66,465,34000,2005
202006,13,세종특별자치시 연서면 신대리,단독,8m미만,54,46.33,3500,2014
202006,13,세종특별자치시 전의면 읍내리,단독,8m미만,200.05,957,41200,2015
202006,13,세종특별자치시 조치원읍 남리,다가구,12m미만,381.62,231.4,32000,2002
202006,17,세종특별자치시 조치원읍 교리,단독,12m미만,160.3,265.1,32000,1977
202006,18,세종특별자치시 금남면 용포리,단독,8m미만,150.73,674,156578,2001
202006,19,세종특별자치시 금남면 부용리,단독,8m미만,63.9,533,35000,2005
202006,19,세종특별자치시 금남면 용포리,다가구,8m미만,650.39,420,100000,2014
202006,19,세종특별자치시 전동면 송성리,단독,8m미만,51,436,12000,2013
202006,20,세종특별자치시 금남면 용포리,단독,8m미만,36.36,370,21400,1954
202006,20,세종특별자치시 조치원읍 서창리,다가구,12m미만,494.31,319,72000,2001
202006,20,세종특별자치시 조치원읍 정리,단독,8m미만,49.47,63,4750,2015
202006,24,세종특별자치시 금남면 대박리,단독,8m미만,176.81,375,40000,1990
202006,24,세종특별자치시 연기면 연기리,단독,8m미만,68.76,232,19000,1992
202006,25,세종특별자치시 연서면 청라리,단독,8m미만,112.86,331,15000,2003
202006,25,세종특별자치시 전의면 동교리,단독,8m미만,69.6,346,24000,1994
202006,26,세종특별자치시 금남면 도남리,단독,8m미만,69.9,694,43800,2012
202006,26,세종특별자치시 연서면 봉암리,다가구,8m미만,435,438,66000,2013
202006,29,세종특별자치시 부강면 문곡리,단독,8m미만,139.81,970,27000,2019
202006,29,세종특별자치시 연기면 연기리,단독,8m미만,32.4,170,15900,1999
202006,29,세종특별자치시 조치원읍 남리,단독,8m미만,83.7,269.9,24150,1995
202006,30,세종특별자치시 조치원읍 신흥리,단독,8m미만,72.97,235,22000,1979
202007,1,세종특별자치시 부강면 산수리,단독,8m미만,90.61,419,16000,1960
202007,3,세종특별자치시 금남면 남곡리,단독,8m미만,87.15,461,54000,1954
202007,3,세종특별자치시 연서면 봉암리,단독,12m미만,61.82,311,30000,1930
202007,5,세종특별자치시 전동면 심중리,단독,8m미만,61.16,347,15000,2000
202007,6,세종특별자치시 부강면 행산리,단독,8m미만,189.25,660,10000,2000
202007,6,세종특별자치시 장군면 송문리,단독,8m미만,49.59,781,15000,1982
202007,8,세종특별자치시 조치원읍 신안리,단독,12m미만,250.65,660,97000,1996
202007,9,세종특별자치시 조치원읍 신안리,다가구,8m미만,473.31,309,57000,1998
202007,13,세종특별자치시 조치원읍 교리,단독,8m미만,83.32,144.6,13000,1982
202007,14,세종특별자치시 아름동,단독,12m미만,149.28,305,83000,2020
202007,16,세종특별자치시 소정면 운당리,단독,8m미만,284,417,20000,1984
202007,17,세종특별자치시 장군면 대교리,단독,8m미만,98.96,664,39300,2017
202007,18,세종특별자치시 장군면 금암리,단독,8m미만,157.82,511,29400,1959
202007,20,세종특별자치시 연서면 기룡리,단독,8m미만,84.46,631,20000,1940
202007,22,세종특별자치시 장군면 송문리,단독,8m미만,156.05,795,28000,2015
202007,23,세종특별자치시 부강면 부강리,단독,8m미만,109.37,700,37800,1961
202007,23,세종특별자치시 전의면 동교리,단독,8m미만,73.49,400,23000,1980
202007,24,세종특별자치시 고운동,단독,12m미만,185.01,256.5,77822,2020
202007,27,세종특별자치시 금남면 원봉리,단독,8m미만,97.45,704,31450,2018
202007,28,세종특별자치시 장군면 금암리,단독,8m미만,67.48,589,67523,2006
202007,28,세종특별자치시 장군면 금암리,단독,8m미만,64.61,646,74058,2006
202007,28,세종특별자치시 장군면 은용리,단독,8m미만,99.16,592,56000,1998
202007,28,세종특별자치시 전의면 읍내리,단독,8m미만,93.82,560,20500,1985
202007,29,세종특별자치시 연서면 월하리,단독,8m미만,152.88,240,50000,1988
202007,29,세종특별자치시 장군면 대교리,단독,8m미만,70.44,485,29000,1992
202007,29,세종특별자치시 장군면 도계리,단독,8m미만,104.45,976,75000,1990
202007,29,세종특별자치시 전의면 신방리,단독,8m미만,27,145,4300,2015
202007,29,세종특별자치시 조치원읍 교리,단독,8m미만,77.36,255,16000,1952
202007,30,세종특별자치시 연서면 쌍류리,단독,8m미만,93.24,402,20000,2003
202007,30,세종특별자치시 전동면 송정리,단독,12m미만,59.4,660,12000,1999
202008,3,세종특별자치시 도담동,단독,12m미만,137.27,329,90000,2016
202008,3,세종특별자치시 전의면 신정리,단독,8m미만,126.28,456,10500,1935
202008,4,세종특별자치시 조치원읍 상리,단독,25m미만,152.94,210,55000,1981
202008,6,세종특별자치시 소정면 대곡리,단독,8m미만,88.5,476,8470,2002
202008,7,세종특별자치시 조치원읍 침산리,단독,8m미만,50.6,76,8200,1975
202008,9,세종특별자치시 연동면 내판리,단독,8m미만,59.5,445,35000,1978
202008,10,세종특별자치시 연서면 고복리,단독,8m미만,123.96,503,41810,2014
202008,10,세종특별자치시 조치원읍 교리,단독,8m미만,124.14,2202.6,21000,1979
202008,12,세종특별자치시 부강면 금호리,단독,8m미만,68.64,581,29400,1999
202008,12,세종특별자치시 연기면 연기리,단독,8m미만,82.64,340,36000,1999
202008,12,세종특별자치시 조치원읍 남리,단독,8m미만,61.71,118,5000,1977
202008,13,세종특별자치시 조치원읍 정리,단독,25m미만,343.16,192,58000,1989
202008,14,세종특별자치시 연기면 눌왕리,단독,8m미만,82.65,532,19000,1990
202008,14,세종특별자치시 연기면 보통리,다가구,12m미만,481.96,483,78200,2013
202008,14,세종특별자치시 조치원읍 죽림리,단독,12m미만,88.08,159,17800,1976
202008,15,세종특별자치시 연기면 연기리,단독,8m미만,62.7,307,38500,1962
202008,15,세종특별자치시 조치원읍 남리,단독,8m미만,37.85,118,10000,1977
202008,17,세종특별자치시 소정면 대곡리,단독,8m미만,52.6,237,5300,1985
202008,19,세종특별자치시 조치원읍 죽림리,단독,12m미만,64.87,170,24000,1980
202008,20,세종특별자치시 장군면 도계리,단독,8m미만,167.82,490,53000,2018
202008,21,세종특별자치시 전의면 신정리,단독,8m미만,99.87,583,39500,2002
202008,22,세종특별자치시 조치원읍 신흥리,단독,8m미만,88.7,128,11000,1974
202008,26,세종특별자치시 금남면 달전리,단독,8m미만,22.5,403,27500,2017
202008,26,세종특별자치시 조치원읍 교리,단독,8m미만,84.7,170.6,21200,2002
202008,26,세종특별자치시 조치원읍 신흥리,단독,12m미만,62.62,160,18000,1980
202008,27,세종특별자치시 연서면 봉암리,단독,12m미만,57.36,96,31500,2000
202009,4,세종특별자치시 조치원읍 교리,단독,12m미만,109.9,114,9800,1995
202009,6,세종특별자치시 장군면 금암리,단독,8m미만,194.52,873,76200,2006
202009,10,세종특별자치시 금남면 성강리,단독,8m미만,65.18,443,14930,1999
202009,10,세종특별자치시 부강면 부강리,단독,12m미만,65.72,208,18700,1979
202009,11,세종특별자치시 부강면 부강리,단독,12m미만,112.18,992,158554,1915
202009,11,세종특별자치시 조치원읍 신흥리,단독,8m미만,144.76,205,25000,1979
202009,12,세종특별자치시 금남면 대박리,단독,8m미만,157.05,395,41700,2015
202009,14,세종특별자치시 전의면 서정리,단독,8m미만,120.33,403,9000,1960
202009,15,세종특별자치시 금남면 원봉리,단독,12m미만,99.43,704,45000,2014
202009,15,세종특별자치시 전의면 유천리,단독,8m미만,57.19,513,7000,1974
202009,16,세종특별자치시 연서면 성제리,단독,8m미만,98.66,1289,40000,1989
202009,19,세종특별자치시 조치원읍 신흥리,단독,12m미만,66.1,183,30000,2015
202009,22,세종특별자치시 연서면 청라리,단독,8m미만,48.93,336.7,8200,1955
202009,23,세종특별자치시 장군면 봉안리,단독,8m미만,105.8,465,68658,1995
202009,23,세종특별자치시 조치원읍 신안리,다가구,8m미만,376.29,195,29000,1995
202009,24,세종특별자치시 금남면 호탄리,단독,8m미만,102.98,863,145000,1996
202009,24,세종특별자치시 연기면 보통리,다가구,8m미만,493.86,505,89000,1990
202009,24,세종특별자치시 연기면 보통리,다가구,8m미만,493.86,532,89000,2014
202009,24,세종특별자치시 전의면 동교리,단독,12m미만,221.91,261.2,44000,2012
202009,25,세종특별자치시 조치원읍 평리,단독,8m미만,77.19,194.7,17209,1980
202009,28,세종특별자치시 금남면 봉암리,단독,8m미만,54.51,253,15900,1910
202009,29,세종특별자치시 소정면 대곡리,단독,8m미만,116.85,469,12000,2010
202009,30,세종특별자치시 전의면 유천리,단독,8m미만,71.64,271,10500,1997
202010,5,세종특별자치시 금남면 금천리,단독,8m미만,80,1253,39560,2010
202010,5,세종특별자치시 부강면 행산리,단독,8m미만,43.05,1253,19700,2020
202010,13,세종특별자치시 장군면 도계리,단독,8m미만,76,403,29700,1978
202010,15,세종특별자치시 조치원읍 죽림리,단독,8m미만,98.73,167,23000,1979
202010,16,세종특별자치시 전의면 읍내리,단독,12m미만,67.44,614,56383,1925
202010,16,세종특별자치시 조치원읍 명리,단독,12m미만,79.43,188,24700,1975
202010,20,세종특별자치시 연동면 송용리,단독,8m미만,82.71,228,15700,1990
202010,20,세종특별자치시 조치원읍 상리,단독,8m미만,171.97,126,31476,1996
202010,26,세종특별자치시 부강면 금호리,단독,8m미만,142.96,193.26,24377,2016
202010,26,세종특별자치시 조치원읍 신안리,다가구,12m미만,378.81,263,49000,1999
202010,27,세종특별자치시 소정면 대곡리,단독,8m미만,83.43,351,10500,1981
